tournament_year,team_name,n_appearances,mean_caps,median_caps,max_caps,pct_experienced,exp_percentile_in_tournament,furthest_stage,stage_label
1930,Argentina,55,0.0,0.0,0,0.0,0.5384615384615384,3,Runner-up
1930,Belgium,22,0.0,0.0,0,0.0,0.5384615384615384,0,Early exit (Group/1st-2nd round)
1930,Bolivia,22,0.0,0.0,0,0.0,0.5384615384615384,0,Early exit (Group/1st-2nd round)
1930,Brazil,22,0.0,0.0,0,0.0,0.5384615384615384,0,Early exit (Group/1st-2nd round)
1930,Chile,33,0.0,0.0,0,0.0,0.5384615384615384,0,Early exit (Group/1st-2nd round)
1930,France,33,0.0,0.0,0,0.0,0.5384615384615384,0,Early exit (Group/1st-2nd round)
1930,Mexico,33,0.0,0.0,0,0.0,0.5384615384615384,0,Early exit (Group/1st-2nd round)
1930,Paraguay,22,0.0,0.0,0,0.0,0.5384615384615384,0,Early exit (Group/1st-2nd round)
1930,Peru,22,0.0,0.0,0,0.0,0.5384615384615384,0,Early exit (Group/1st-2nd round)
1930,Romania,22,0.0,0.0,0,0.0,0.5384615384615384,0,Early exit (Group/1st-2nd round)
1930,USA,33,0.0,0.0,0,0.0,0.5384615384615384,1,Semifinalist / 4th place
1930,Uruguay,44,0.0,0.0,0,0.0,0.5384615384615384,4,Champion
1930,Yugoslavia,33,0.0,0.0,0,0.0,0.5384615384615384,1,Semifinalist / 4th place
1934,Argentina,11,0.0,0.0,0,0.0,0.375,0,Early exit (Group/1st-2nd round)
1934,Austria,44,0.0,0.0,0,0.0,0.375,1,Semifinalist / 4th place
1934,Belgium,11,0.09090909090909091,0.0,1,0.09090909090909091,0.75,0,Early exit (Group/1st-2nd round)
1934,Brazil,11,0.0,0.0,0,0.0,0.375,0,Early exit (Group/1st-2nd round)
1934,Czechoslovakia,44,0.0,0.0,0,0.0,0.375,3,Runner-up
1934,Egypt,11,0.0,0.0,0,0.0,0.375,0,Early exit (Group/1st-2nd round)
1934,France,11,0.8181818181818182,0.0,3,0.2727272727272727,0.96875,0,Early exit (Group/1st-2nd round)
1934,Germany,44,0.0,0.0,0,0.0,0.375,2,3rd place
1934,Hungary,22,0.0,0.0,0,0.0,0.375,0,Early exit (Group/1st-2nd round)
1934,Italy,55,0.38181818181818183,0.0,4,0.10909090909090909,0.875,4,Champion
1934,Netherlands,11,0.0,0.0,0,0.0,0.375,0,Early exit (Group/1st-2nd round)
1934,Romania,11,0.18181818181818182,0.0,2,0.09090909090909091,0.8125,0,Early exit (Group/1st-2nd round)
1934,Spain,33,0.0,0.0,0,0.0,0.375,0,Early exit (Group/1st-2nd round)
1934,Sweden,22,0.0,0.0,0,0.0,0.375,0,Early exit (Group/1st-2nd round)
1934,Switzerland,22,0.0,0.0,0,0.0,0.375,0,Early exit (Group/1st-2nd round)
1934,USA,11,0.8181818181818182,0.0,3,0.2727272727272727,0.96875,0,Early exit (Group/1st-2nd round)
1938,Belgium,11,0.36363636363636365,0.0,2,0.18181818181818182,0.5333333333333333,0,Early exit (Group/1st-2nd round)
1938,Brazil,55,0.16363636363636364,0.0,1,0.16363636363636364,0.3333333333333333,2,3rd place
1938,Cuba,33,0.0,0.0,0,0.0,0.16666666666666666,0,Early exit (Group/1st-2nd round)
1938,Czechoslovakia,33,1.0606060606060606,0.0,4,0.3333333333333333,1.0,0,Early exit (Group/1st-2nd round)
1938,Dutch East Indies,11,0.0,0.0,0,0.0,0.16666666666666666,0,Early exit (Group/1st-2nd round)
1938,France,22,1.0,0.0,4,0.45454545454545453,0.9333333333333333,0,Early exit (Group/1st-2nd round)
1938,Germany,22,0.7272727272727273,0.0,4,0.22727272727272727,0.8,0,Early exit (Group/1st-2nd round)
1938,Hungary,44,0.5681818181818182,0.0,2,0.4318181818181818,0.6666666666666666,3,Runner-up
1938,Italy,44,0.9090909090909091,0.0,5,0.20454545454545456,0.8666666666666667,4,Champion
1938,Netherlands,11,0.5454545454545454,1.0,1,0.5454545454545454,0.6,0,Early exit (Group/1st-2nd round)
1938,Norway,11,0.0,0.0,0,0.0,0.16666666666666666,0,Early exit (Group/1st-2nd round)
1938,Poland,11,0.0,0.0,0,0.0,0.16666666666666666,0,Early exit (Group/1st-2nd round)
1938,Romania,22,0.5909090909090909,0.0,2,0.4090909090909091,0.7333333333333333,0,Early exit (Group/1st-2nd round)
1938,Sweden,33,0.30303030303030304,0.0,2,0.15151515151515152,0.43333333333333335,1,Semifinalist / 4th place
1938,Switzerland,33,0.30303030303030304,0.0,2,0.15151515151515152,0.43333333333333335,0,Early exit (Group/1st-2nd round)
1950,Bolivia,11,0.0,0.0,0,0.0,0.46153846153846156,0,Early exit (Group/1st-2nd round)
1950,Brazil,66,0.0,0.0,0,0.0,0.46153846153846156,3,Runner-up
1950,Chile,33,0.0,0.0,0,0.0,0.46153846153846156,0,Early exit (Group/1st-2nd round)
1950,England,33,0.0,0.0,0,0.0,0.46153846153846156,0,Early exit (Group/1st-2nd round)
1950,Italy,22,0.0,0.0,0,0.0,0.46153846153846156,0,Early exit (Group/1st-2nd round)
1950,Mexico,33,0.0,0.0,0,0.0,0.46153846153846156,0,Early exit (Group/1st-2nd round)
1950,Paraguay,22,0.0,0.0,0,0.0,0.46153846153846156,0,Early exit (Group/1st-2nd round)
1950,Spain,66,0.0,0.0,0,0.0,0.46153846153846156,1,Semifinalist / 4th place
1950,Sweden,55,0.09090909090909091,0.0,1,0.09090909090909091,0.9230769230769231,2,3rd place
1950,Switzerland,33,0.18181818181818182,0.0,3,0.06060606060606061,1.0,0,Early exit (Group/1st-2nd round)
1950,USA,33,0.0,0.0,0,0.0,0.46153846153846156,0,Early exit (Group/1st-2nd round)
1950,Uruguay,44,0.0,0.0,0,0.0,0.46153846153846156,4,Champion
1950,Yugoslavia,33,0.0,0.0,0,0.0,0.46153846153846156,0,Early exit (Group/1st-2nd round)
1954,Austria,55,0.0,0.0,0,0.0,0.3125,2,3rd place
1954,Belgium,22,0.0,0.0,0,0.0,0.3125,0,Early exit (Group/1st-2nd round)
1954,Brazil,33,0.5757575757575758,0.0,5,0.15151515151515152,0.75,0,Early exit (Group/1st-2nd round)
1954,Czechoslovakia,22,0.0,0.0,0,0.0,0.3125,0,Early exit (Group/1st-2nd round)
1954,England,33,0.9393939393939394,0.0,3,0.36363636363636365,0.8125,0,Early exit (Group/1st-2nd round)
1954,France,22,0.0,0.0,0,0.0,0.3125,0,Early exit (Group/1st-2nd round)
1954,Hungary,55,0.0,0.0,0,0.0,0.3125,3,Runner-up
1954,Italy,33,0.3333333333333333,0.0,2,0.24242424242424243,0.6875,0,Early exit (Group/1st-2nd round)
1954,Mexico,22,0.3181818181818182,0.0,3,0.13636363636363635,0.625,0,Early exit (Group/1st-2nd round)
1954,Scotland,22,0.0,0.0,0,0.0,0.3125,0,Early exit (Group/1st-2nd round)
1954,South Korea,21,0.0,0.0,0,0.0,0.3125,0,Early exit (Group/1st-2nd round)
1954,Switzerland,44,1.0227272727272727,0.0,3,0.3409090909090909,0.875,0,Early exit (Group/1st-2nd round)
1954,Turkey,33,0.0,0.0,0,0.0,0.3125,0,Early exit (Group/1st-2nd round)
1954,Uruguay,55,1.4363636363636363,0.0,4,0.38181818181818183,1.0,1,Semifinalist / 4th place
1954,West Germany,66,0.0,0.0,0,0.0,0.3125,4,Champion
1954,Yugoslavia,33,1.3636363636363635,2.0,3,0.5151515151515151,0.9375,0,Early exit (Group/1st-2nd round)
1958,Argentina,33,0.0,0.0,0,0.0,0.1875,0,Early exit (Group/1st-2nd round)
1958,Austria,33,1.7272727272727273,0.0,5,0.42424242424242425,1.0,0,Early exit (Group/1st-2nd round)
1958,Brazil,66,0.5909090909090909,0.0,3,0.19696969696969696,0.5,4,Champion
1958,Czechoslovakia,44,0.29545454545454547,0.0,2,0.18181818181818182,0.4375,0,Early exit (Group/1st-2nd round)
1958,England,44,0.6818181818181818,0.0,6,0.11363636363636363,0.625,0,Early exit (Group/1st-2nd round)
1958,France,66,0.9393939393939394,1.0,2,0.5606060606060606,0.75,2,3rd place
1958,Hungary,44,1.0,0.0,5,0.2727272727272727,0.8125,0,Early exit (Group/1st-2nd round)
1958,Mexico,33,0.6060606060606061,0.0,4,0.21212121212121213,0.5625,0,Early exit (Group/1st-2nd round)
1958,Northern Ireland,55,0.0,0.0,0,0.0,0.1875,0,Early exit (Group/1st-2nd round)
1958,Paraguay,33,0.0,0.0,0,0.0,0.1875,0,Early exit (Group/1st-2nd round)
1958,Scotland,33,0.18181818181818182,0.0,2,0.09090909090909091,0.375,0,Early exit (Group/1st-2nd round)
1958,Soviet Union,55,0.0,0.0,0,0.0,0.1875,0,Early exit (Group/1st-2nd round)
1958,Sweden,66,0.7878787878787878,0.0,5,0.21212121212121213,0.6875,3,Runner-up
1958,Wales,55,0.0,0.0,0,0.0,0.1875,0,Early exit (Group/1st-2nd round)
1958,West Germany,66,1.7121212121212122,0.0,6,0.36363636363636365,0.9375,1,Semifinalist / 4th place
1958,Yugoslavia,44,1.2272727272727273,0.0,3,0.4090909090909091,0.875,0,Early exit (Group/1st-2nd round)
1962,Argentina,33,0.0,0.0,0,0.0,0.1875,0,Early exit (Group/1st-2nd round)
1962,Brazil,66,4.303030303030303,4.0,9,0.7575757575757576,1.0,4,Champion
1962,Bulgaria,33,0.0,0.0,0,0.0,0.1875,0,Early exit (Group/1st-2nd round)
1962,Chile,66,0.0,0.0,0,0.0,0.1875,2,3rd place
1962,Colombia,33,0.0,0.0,0,0.0,0.1875,0,Early exit (Group/1st-2nd round)
1962,Czechoslovakia,66,1.4545454545454546,0.0,6,0.36363636363636365,0.75,3,Runner-up
1962,England,44,0.6363636363636364,0.0,4,0.18181818181818182,0.625,0,Early exit (Group/1st-2nd round)
1962,Hungary,44,2.4318181818181817,3.0,8,0.5909090909090909,0.875,0,Early exit (Group/1st-2nd round)
1962,Italy,33,0.18181818181818182,0.0,3,0.06060606060606061,0.375,0,Early exit (Group/1st-2nd round)
1962,Mexico,33,1.696969696969697,1.0,7,0.5151515151515151,0.8125,0,Early exit (Group/1st-2nd round)
1962,Soviet Union,44,1.0,0.0,5,0.2727272727272727,0.6875,0,Early exit (Group/1st-2nd round)
1962,Spain,33,0.5757575757575758,0.0,5,0.15151515151515152,0.53125,0,Early exit (Group/1st-2nd round)
1962,Switzerland,33,0.5757575757575758,0.0,4,0.18181818181818182,0.53125,0,Early exit (Group/1st-2nd round)
1962,Uruguay,33,0.0,0.0,0,0.0,0.1875,0,Early exit (Group/1st-2nd round)
1962,West Germany,44,2.75,0.0,11,0.4772727272727273,0.9375,0,Early exit (Group/1st-2nd round)
1962,Yugoslavia,66,0.30303030303030304,0.0,3,0.10606060606060606,0.4375,1,Semifinalist / 4th place
1966,Argentina,44,0.6363636363636364,0.0,3,0.36363636363636365,0.40625,0,Early exit (Group/1st-2nd round)
1966,Brazil,33,2.8484848484848486,0.0,12,0.3333333333333333,1.0,0,Early exit (Group/1st-2nd round)
1966,Bulgaria,33,0.8484848484848485,1.0,3,0.5151515151515151,0.5,0,Early exit (Group/1st-2nd round)
1966,Chile,33,1.3636363636363635,0.0,6,0.36363636363636365,0.78125,0,Early exit (Group/1st-2nd round)
1966,England,66,1.2727272727272727,0.0,4,0.3181818181818182,0.6875,4,Champion
1966,France,33,0.0,0.0,0,0.0,0.09375,0,Early exit (Group/1st-2nd round)
1966,Hungary,44,2.3636363636363638,0.0,8,0.45454545454545453,0.9375,0,Early exit (Group/1st-2nd round)
1966,Italy,33,0.3939393939393939,0.0,3,0.2727272727272727,0.25,0,Early exit (Group/1st-2nd round)
1966,Mexico,33,1.3636363636363635,0.0,10,0.2727272727272727,0.78125,0,Early exit (Group/1st-2nd round)
1966,North Korea,44,0.0,0.0,0,0.0,0.09375,0,Early exit (Group/1st-2nd round)
1966,Portugal,66,0.09090909090909091,0.0,6,0.015151515151515152,0.1875,2,3rd place
1966,Soviet Union,66,1.2424242424242424,0.0,9,0.3181818181818182,0.625,1,Semifinalist / 4th place
1966,Spain,33,0.6363636363636364,0.0,3,0.3333333333333333,0.40625,0,Early exit (Group/1st-2nd round)
1966,Switzerland,33,0.5151515151515151,0.0,3,0.18181818181818182,0.3125,0,Early exit (Group/1st-2nd round)
1966,Uruguay,44,1.2272727272727273,0.5,3,0.5,0.5625,0,Early exit (Group/1st-2nd round)
1966,West Germany,66,2.0757575757575757,0.0,9,0.3787878787878788,0.875,3,Runner-up
1970,Belgium,33,0.0,0.0,0,0.0,0.25,0,Early exit (Group/1st-2nd round)
1970,Brazil,66,1.2424242424242424,0.0,8,0.42424242424242425,0.75,4,Champion
1970,Bulgaria,33,1.6666666666666667,1.0,4,0.5757575757575758,0.875,0,Early exit (Group/1st-2nd round)
1970,Czechoslovakia,33,0.36363636363636365,0.0,6,0.09090909090909091,0.5,0,Early exit (Group/1st-2nd round)
1970,El Salvador,33,0.0,0.0,0,0.0,0.25,0,Early exit (Group/1st-2nd round)
1970,England,44,3.2954545454545454,1.5,10,0.5,0.9375,0,Early exit (Group/1st-2nd round)
1970,Israel,33,0.0,0.0,0,0.0,0.25,0,Early exit (Group/1st-2nd round)
1970,Italy,66,1.1515151515151516,0.0,3,0.4393939393939394,0.6875,3,Runner-up
1970,Mexico,44,0.8863636363636364,0.0,3,0.38636363636363635,0.5625,0,Early exit (Group/1st-2nd round)
1970,Morocco,33,0.0,0.0,0,0.0,0.25,0,Early exit (Group/1st-2nd round)
1970,Peru,44,0.0,0.0,0,0.0,0.25,0,Early exit (Group/1st-2nd round)
1970,Romania,33,0.0,0.0,0,0.0,0.25,0,Early exit (Group/1st-2nd round)
1970,Soviet Union,44,1.0,0.0,5,0.36363636363636365,0.625,0,Early exit (Group/1st-2nd round)
1970,Sweden,33,0.0,0.0,0,0.0,0.25,0,Early exit (Group/1st-2nd round)
1970,Uruguay,66,1.3484848484848484,0.0,6,0.3484848484848485,0.8125,1,Semifinalist / 4th place
1970,West Germany,66,4.2727272727272725,0.0,15,0.48484848484848486,1.0,2,3rd place
1974,Argentina,66,0.24242424242424243,0.0,4,0.06060606060606061,0.5625,0,Early exit (Group/1st-2nd round)
1974,Australia,33,0.0,0.0,0,0.0,0.28125,0,Early exit (Group/1st-2nd round)
1974,Brazil,77,1.7792207792207793,0.0,9,0.2987012987012987,0.8125,1,Semifinalist / 4th place
1974,Bulgaria,33,0.9393939393939394,0.0,6,0.24242424242424243,0.75,0,Early exit (Group/1st-2nd round)
1974,Chile,33,0.2727272727272727,0.0,3,0.09090909090909091,0.625,0,Early exit (Group/1st-2nd round)
1974,East Germany,66,0.0,0.0,0,0.0,0.28125,0,Early exit (Group/1st-2nd round)
1974,Haiti,33,0.0,0.0,0,0.0,0.28125,0,Early exit (Group/1st-2nd round)
1974,Italy,33,3.090909090909091,0.0,9,0.3939393939393939,0.9375,0,Early exit (Group/1st-2nd round)
1974,Netherlands,77,0.0,0.0,0,0.0,0.28125,3,Runner-up
1974,Poland,77,0.0,0.0,0,0.0,0.28125,2,3rd place
1974,Scotland,33,0.0,0.0,0,0.0,0.28125,0,Early exit (Group/1st-2nd round)
1974,Sweden,66,0.8787878787878788,0.0,3,0.42424242424242425,0.6875,0,Early exit (Group/1st-2nd round)
1974,Uruguay,33,2.484848484848485,0.0,10,0.3333333333333333,0.875,0,Early exit (Group/1st-2nd round)
1974,West Germany,77,3.961038961038961,5.0,12,0.5194805194805194,1.0,4,Champion
1974,Yugoslavia,66,0.0,0.0,0,0.0,0.28125,0,Early exit (Group/1st-2nd round)
1974,Zaire,33,0.0,0.0,0,0.0,0.28125,0,Early exit (Group/1st-2nd round)
1978,Argentina,77,0.8701298701298701,0.0,6,0.22077922077922077,0.6875,4,Champion
1978,Austria,66,0.0,0.0,0,0.0,0.21875,0,Early exit (Group/1st-2nd round)
1978,Brazil,77,1.2207792207792207,0.0,12,0.22077922077922077,0.75,2,3rd place
1978,France,33,0.0,0.0,0,0.0,0.21875,0,Early exit (Group/1st-2nd round)
1978,Hungary,33,0.0,0.0,0,0.0,0.21875,0,Early exit (Group/1st-2nd round)
1978,Iran,33,0.0,0.0,0,0.0,0.21875,0,Early exit (Group/1st-2nd round)
1978,Italy,77,0.6883116883116883,0.0,3,0.2597402597402597,0.5,1,Semifinalist / 4th place
1978,Mexico,33,0.0,0.0,0,0.0,0.21875,0,Early exit (Group/1st-2nd round)
1978,Netherlands,77,4.363636363636363,7.0,7,0.7142857142857143,0.9375,3,Runner-up
1978,Peru,66,0.7272727272727273,0.0,4,0.18181818181818182,0.5625,0,Early exit (Group/1st-2nd round)
1978,Poland,66,4.378787878787879,7.0,7,0.6363636363636364,1.0,0,Early exit (Group/1st-2nd round)
1978,Scotland,33,0.8181818181818182,0.0,3,0.30303030303030304,0.625,0,Early exit (Group/1st-2nd round)
1978,Spain,33,0.06060606060606061,0.0,2,0.030303030303030304,0.4375,0,Early exit (Group/1st-2nd round)
1978,Sweden,33,2.484848484848485,0.0,8,0.36363636363636365,0.8125,0,Early exit (Group/1st-2nd round)
1978,Tunisia,33,0.0,0.0,0,0.0,0.21875,0,Early exit (Group/1st-2nd round)
1978,West Germany,66,3.090909090909091,0.0,13,0.3787878787878788,0.875,0,Early exit (Group/1st-2nd round)
1982,Algeria,33,0.0,0.0,0,0.0,0.20833333333333334,0,Early exit (Group/1st-2nd round)
1982,Argentina,55,6.054545454545455,7.0,13,0.8,1.0,0,Early exit (Group/1st-2nd round)
1982,Austria,55,3.0727272727272728,3.0,6,0.5818181818181818,0.875,0,Early exit (Group/1st-2nd round)
1982,Belgium,55,0.05454545454545454,0.0,3,0.01818181818181818,0.4166666666666667,0,Early exit (Group/1st-2nd round)
1982,Brazil,55,1.8181818181818181,0.0,11,0.2727272727272727,0.7708333333333334,0,Early exit (Group/1st-2nd round)
1982,Cameroon,33,0.0,0.0,0,0.0,0.20833333333333334,0,Early exit (Group/1st-2nd round)
1982,Chile,33,0.6666666666666666,0.0,6,0.15151515151515152,0.5416666666666666,0,Early exit (Group/1st-2nd round)
1982,Czechoslovakia,33,0.0,0.0,0,0.0,0.20833333333333334,0,Early exit (Group/1st-2nd round)
1982,El Salvador,33,0.0,0.0,0,0.0,0.20833333333333334,0,Early exit (Group/1st-2nd round)
1982,England,55,0.0,0.0,0,0.0,0.20833333333333334,0,Early exit (Group/1st-2nd round)
1982,France,77,1.1428571428571428,0.0,3,0.4805194805194805,0.7083333333333334,1,Semifinalist / 4th place
1982,Honduras,33,0.24242424242424243,0.0,4,0.06060606060606061,0.5,0,Early exit (Group/1st-2nd round)
1982,Hungary,33,0.9696969696969697,1.0,3,0.5151515151515151,0.625,0,Early exit (Group/1st-2nd round)
1982,Italy,77,4.571428571428571,6.0,10,0.7012987012987013,0.9583333333333334,4,Champion
1982,Kuwait,33,0.0,0.0,0,0.0,0.20833333333333334,0,Early exit (Group/1st-2nd round)
1982,New Zealand,33,0.0,0.0,0,0.0,0.20833333333333334,0,Early exit (Group/1st-2nd round)
1982,Northern Ireland,55,0.0,0.0,0,0.0,0.20833333333333334,0,Early exit (Group/1st-2nd round)
1982,Peru,33,4.121212121212121,5.0,10,0.7272727272727273,0.9166666666666666,0,Early exit (Group/1st-2nd round)
1982,Poland,77,3.0259740259740258,0.0,13,0.2987012987012987,0.8333333333333334,2,3rd place
1982,Scotland,33,1.0,0.0,6,0.3939393939393939,0.6666666666666666,0,Early exit (Group/1st-2nd round)
1982,Soviet Union,55,0.0,0.0,0,0.0,0.20833333333333334,0,Early exit (Group/1st-2nd round)
1982,Spain,55,0.23636363636363636,0.0,2,0.12727272727272726,0.4583333333333333,0,Early exit (Group/1st-2nd round)
1982,West Germany,77,1.8181818181818181,0.0,7,0.3116883116883117,0.7708333333333334,3,Runner-up
1982,Yugoslavia,33,0.7272727272727273,0.0,6,0.18181818181818182,0.5833333333333334,0,Early exit (Group/1st-2nd round)
1986,Algeria,33,1.4242424242424243,2.0,3,0.5151515151515151,0.7083333333333334,0,Early exit (Group/1st-2nd round)
1986,Argentina,77,0.6363636363636364,0.0,5,0.18181818181818182,0.4791666666666667,4,Champion
1986,Belgium,77,1.5454545454545454,0.0,5,0.4155844155844156,0.75,1,Semifinalist / 4th place
1986,Brazil,55,1.3636363636363635,0.0,5,0.36363636363636365,0.6458333333333334,0,Early exit (Group/1st-2nd round)
1986,Bulgaria,44,0.0,0.0,0,0.0,0.20833333333333334,0,Early exit (Group/1st-2nd round)
1986,Canada,33,0.0,0.0,0,0.0,0.20833333333333334,0,Early exit (Group/1st-2nd round)
1986,Denmark,44,0.0,0.0,0,0.0,0.20833333333333334,0,Early exit (Group/1st-2nd round)
1986,England,55,1.690909090909091,0.0,5,0.43636363636363634,0.7916666666666666,0,Early exit (Group/1st-2nd round)
1986,France,77,3.311688311688312,4.0,8,0.5844155844155844,0.9166666666666666,2,3rd place
1986,Hungary,33,0.6666666666666666,0.0,3,0.24242424242424243,0.5416666666666666,0,Early exit (Group/1st-2nd round)
1986,Iraq,33,0.0,0.0,0,0.0,0.20833333333333334,0,Early exit (Group/1st-2nd round)
1986,Italy,44,3.8181818181818183,0.0,14,0.45454545454545453,1.0,0,Early exit (Group/1st-2nd round)
1986,Mexico,55,0.21818181818181817,0.0,3,0.07272727272727272,0.4166666666666667,0,Early exit (Group/1st-2nd round)
1986,Morocco,44,0.0,0.0,0,0.0,0.20833333333333334,0,Early exit (Group/1st-2nd round)
1986,Northern Ireland,33,2.787878787878788,4.0,5,0.6666666666666666,0.8333333333333334,0,Early exit (Group/1st-2nd round)
1986,Paraguay,44,0.0,0.0,0,0.0,0.20833333333333334,0,Early exit (Group/1st-2nd round)
1986,Poland,44,3.5681818181818183,1.0,12,0.5454545454545454,0.9583333333333334,0,Early exit (Group/1st-2nd round)
1986,Portugal,33,0.0,0.0,0,0.0,0.20833333333333334,0,Early exit (Group/1st-2nd round)
1986,Scotland,33,1.0,0.0,4,0.36363636363636365,0.5833333333333334,0,Early exit (Group/1st-2nd round)
1986,South Korea,33,0.0,0.0,0,0.0,0.20833333333333334,0,Early exit (Group/1st-2nd round)
1986,Soviet Union,44,1.3636363636363635,0.0,5,0.29545454545454547,0.6458333333333334,0,Early exit (Group/1st-2nd round)
1986,Spain,55,0.6363636363636364,0.0,5,0.2,0.4791666666666667,0,Early exit (Group/1st-2nd round)
1986,Uruguay,44,0.0,0.0,0,0.0,0.20833333333333334,0,Early exit (Group/1st-2nd round)
1986,West Germany,77,3.0259740259740258,0.0,12,0.4935064935064935,0.875,3,Runner-up
1990,Argentina,77,3.4675324675324677,0.0,12,0.44155844155844154,0.9583333333333334,3,Runner-up
1990,Austria,33,0.0,0.0,0,0.0,0.25,0,Early exit (Group/1st-2nd round)
1990,Belgium,44,3.772727272727273,2.0,12,0.6363636363636364,1.0,0,Early exit (Group/1st-2nd round)
1990,Brazil,44,1.7045454545454546,0.0,5,0.3409090909090909,0.75,0,Early exit (Group/1st-2nd round)
1990,Cameroon,55,0.4909090909090909,0.0,3,0.16363636363636364,0.5,0,Early exit (Group/1st-2nd round)
1990,Colombia,44,0.0,0.0,0,0.0,0.25,0,Early exit (Group/1st-2nd round)
1990,Costa Rica,44,0.0,0.0,0,0.0,0.25,0,Early exit (Group/1st-2nd round)
1990,Czechoslovakia,55,0.0,0.0,0,0.0,0.25,0,Early exit (Group/1st-2nd round)
1990,Egypt,33,0.0,0.0,0,0.0,0.25,0,Early exit (Group/1st-2nd round)
1990,England,77,2.857142857142857,0.0,10,0.4935064935064935,0.875,1,Semifinalist / 4th place
1990,Ireland,55,0.0,0.0,0,0.0,0.25,0,Early exit (Group/1st-2nd round)
1990,Italy,77,1.0649350649350648,0.0,6,0.22077922077922077,0.6666666666666666,2,3rd place
1990,Netherlands,44,0.0,0.0,0,0.0,0.25,0,Early exit (Group/1st-2nd round)
1990,Romania,44,0.0,0.0,0,0.0,0.25,0,Early exit (Group/1st-2nd round)
1990,Scotland,33,1.0606060606060606,0.0,3,0.45454545454545453,0.6041666666666666,0,Early exit (Group/1st-2nd round)
1990,South Korea,33,1.0606060606060606,0.0,3,0.42424242424242425,0.6041666666666666,0,Early exit (Group/1st-2nd round)
1990,Soviet Union,33,2.1818181818181817,1.0,8,0.5454545454545454,0.8333333333333334,0,Early exit (Group/1st-2nd round)
1990,Spain,44,1.7954545454545454,0.0,5,0.4318181818181818,0.7916666666666666,0,Early exit (Group/1st-2nd round)
1990,Sweden,33,0.0,0.0,0,0.0,0.25,0,Early exit (Group/1st-2nd round)
1990,USA,33,0.0,0.0,0,0.0,0.25,0,Early exit (Group/1st-2nd round)
1990,United Arab Emirates,33,0.0,0.0,0,0.0,0.25,0,Early exit (Group/1st-2nd round)
1990,Uruguay,44,1.2954545454545454,0.0,4,0.38636363636363635,0.7083333333333334,0,Early exit (Group/1st-2nd round)
1990,West Germany,77,2.8701298701298703,0.0,12,0.4675324675324675,0.9166666666666666,4,Champion
1990,Yugoslavia,55,0.5454545454545454,0.0,3,0.18181818181818182,0.5416666666666666,0,Early exit (Group/1st-2nd round)
1994,Argentina,44,2.75,0.0,19,0.38636363636363635,0.9166666666666666,0,Early exit (Group/1st-2nd round)
1994,Belgium,44,3.75,3.5,11,0.7045454545454546,0.9583333333333334,0,Early exit (Group/1st-2nd round)
1994,Bolivia,33,0.0,0.0,0,0.0,0.14583333333333334,0,Early exit (Group/1st-2nd round)
1994,Brazil,77,1.6493506493506493,1.0,9,0.5064935064935064,0.7083333333333334,4,Champion
1994,Bulgaria,77,0.6753246753246753,0.0,4,0.16883116883116883,0.4166666666666667,1,Semifinalist / 4th place
1994,Cameroon,33,2.0,0.0,5,0.48484848484848486,0.7916666666666666,0,Early exit (Group/1st-2nd round)
1994,Colombia,33,2.1818181818181817,4.0,4,0.5454545454545454,0.8333333333333334,0,Early exit (Group/1st-2nd round)
1994,Germany,55,6.4,7.0,16,0.7818181818181819,1.0,0,Early exit (Group/1st-2nd round)
1994,Greece,33,0.0,0.0,0,0.0,0.14583333333333334,0,Early exit (Group/1st-2nd round)
1994,Ireland,44,2.477272727272727,1.0,5,0.5681818181818182,0.875,0,Early exit (Group/1st-2nd round)
1994,Italy,77,1.948051948051948,0.0,7,0.35064935064935066,0.75,3,Runner-up
1994,Mexico,44,0.1590909090909091,0.0,7,0.022727272727272728,0.3333333333333333,0,Early exit (Group/1st-2nd round)
1994,Morocco,33,0.09090909090909091,0.0,3,0.030303030303030304,0.2916666666666667,0,Early exit (Group/1st-2nd round)
1994,Netherlands,55,1.0,0.0,4,0.2909090909090909,0.4583333333333333,0,Early exit (Group/1st-2nd round)
1994,Nigeria,44,0.0,0.0,0,0.0,0.14583333333333334,0,Early exit (Group/1st-2nd round)
1994,Norway,33,0.0,0.0,0,0.0,0.14583333333333334,0,Early exit (Group/1st-2nd round)
1994,Romania,55,1.309090909090909,0.0,4,0.43636363636363634,0.5416666666666666,0,Early exit (Group/1st-2nd round)
1994,Russia,33,0.21212121212121213,0.0,3,0.09090909090909091,0.375,0,Early exit (Group/1st-2nd round)
1994,Saudi Arabia,44,0.0,0.0,0,0.0,0.14583333333333334,0,Early exit (Group/1st-2nd round)
1994,South Korea,33,1.3636363636363635,0.0,6,0.45454545454545453,0.5833333333333334,0,Early exit (Group/1st-2nd round)
1994,Spain,55,1.2,0.0,9,0.23636363636363636,0.5,0,Early exit (Group/1st-2nd round)
1994,Sweden,77,1.5324675324675325,2.0,3,0.5844155844155844,0.6666666666666666,2,3rd place
1994,Switzerland,44,0.0,0.0,0,0.0,0.14583333333333334,0,Early exit (Group/1st-2nd round)
1994,USA,44,1.4318181818181819,1.0,3,0.5,0.625,0,Early exit (Group/1st-2nd round)
1998,Argentina,55,1.4181818181818182,0.0,5,0.36363636363636365,0.625,0,Early exit (Group/1st-2nd round)
1998,Austria,33,0.6363636363636364,0.0,3,0.2727272727272727,0.421875,0,Early exit (Group/1st-2nd round)
1998,Belgium,33,2.8181818181818183,1.0,15,0.5454545454545454,0.8125,0,Early exit (Group/1st-2nd round)
1998,Brazil,77,3.8181818181818183,3.0,11,0.5064935064935064,0.9375,3,Runner-up
1998,Bulgaria,33,3.0303030303030303,0.0,7,0.48484848484848486,0.875,0,Early exit (Group/1st-2nd round)
1998,Cameroon,33,1.1818181818181819,0.0,8,0.3333333333333333,0.5625,0,Early exit (Group/1st-2nd round)
1998,Chile,44,0.0,0.0,0,0.0,0.140625,0,Early exit (Group/1st-2nd round)
1998,Colombia,33,1.6666666666666667,0.0,7,0.3939393939393939,0.6875,0,Early exit (Group/1st-2nd round)
1998,Croatia,77,0.24675324675324675,0.0,3,0.14285714285714285,0.28125,2,3rd place
1998,Denmark,55,0.36363636363636365,0.0,4,0.09090909090909091,0.34375,0,Early exit (Group/1st-2nd round)
1998,England,44,0.0,0.0,0,0.0,0.140625,0,Early exit (Group/1st-2nd round)
1998,France,77,0.0,0.0,0,0.0,0.140625,4,Champion
1998,Germany,55,4.163636363636364,0.0,21,0.43636363636363634,0.96875,0,Early exit (Group/1st-2nd round)
1998,Iran,33,0.0,0.0,0,0.0,0.140625,0,Early exit (Group/1st-2nd round)
1998,Italy,55,4.2,0.0,14,0.4909090909090909,1.0,0,Early exit (Group/1st-2nd round)
1998,Jamaica,33,0.0,0.0,0,0.0,0.140625,0,Early exit (Group/1st-2nd round)
1998,Japan,33,0.0,0.0,0,0.0,0.140625,0,Early exit (Group/1st-2nd round)
1998,Mexico,44,1.2272727272727273,0.0,4,0.36363636363636365,0.59375,0,Early exit (Group/1st-2nd round)
1998,Morocco,33,0.9090909090909091,0.0,3,0.36363636363636365,0.46875,0,Early exit (Group/1st-2nd round)
1998,Netherlands,77,1.7532467532467533,0.0,5,0.4675324675324675,0.71875,1,Semifinalist / 4th place
1998,Nigeria,44,2.022727272727273,3.0,4,0.5454545454545454,0.75,0,Early exit (Group/1st-2nd round)
1998,Norway,44,1.1590909090909092,0.0,3,0.38636363636363635,0.53125,0,Early exit (Group/1st-2nd round)
1998,Paraguay,44,0.2727272727272727,0.0,4,0.06818181818181818,0.3125,0,Early exit (Group/1st-2nd round)
1998,Romania,44,2.840909090909091,2.0,9,0.5681818181818182,0.84375,0,Early exit (Group/1st-2nd round)
1998,Saudi Arabia,33,2.242424242424242,2.0,6,0.6666666666666666,0.78125,0,Early exit (Group/1st-2nd round)
1998,Scotland,33,0.6363636363636364,0.0,6,0.18181818181818182,0.421875,0,Early exit (Group/1st-2nd round)
1998,South Africa,33,0.0,0.0,0,0.0,0.140625,0,Early exit (Group/1st-2nd round)
1998,South Korea,33,1.0,0.0,6,0.2727272727272727,0.5,0,Early exit (Group/1st-2nd round)
1998,Spain,33,3.393939393939394,4.0,13,0.5757575757575758,0.90625,0,Early exit (Group/1st-2nd round)
1998,Tunisia,33,0.0,0.0,0,0.0,0.140625,0,Early exit (Group/1st-2nd round)
1998,USA,33,1.4848484848484849,0.0,7,0.3333333333333333,0.65625,0,Early exit (Group/1st-2nd round)
1998,Yugoslavia,44,0.45454545454545453,0.0,5,0.09090909090909091,0.375,0,Early exit (Group/1st-2nd round)
2002,Argentina,33,3.5454545454545454,5.0,9,0.5151515151515151,0.96875,0,Early exit (Group/1st-2nd round)
2002,Belgium,44,0.6590909090909091,0.0,4,0.3409090909090909,0.375,0,Early exit (Group/1st-2nd round)
2002,Brazil,77,2.6363636363636362,0.0,9,0.35064935064935066,0.890625,4,Champion
2002,Cameroon,33,2.090909090909091,3.0,5,0.696969696969697,0.8125,0,Early exit (Group/1st-2nd round)
2002,China,33,0.0,0.0,0,0.0,0.140625,0,Early exit (Group/1st-2nd round)
2002,Costa Rica,33,0.0,0.0,0,0.0,0.140625,0,Early exit (Group/1st-2nd round)
2002,Croatia,33,1.7272727272727273,0.0,8,0.24242424242424243,0.765625,0,Early exit (Group/1st-2nd round)
2002,Denmark,44,1.3181818181818181,0.0,5,0.3181818181818182,0.65625,0,Early exit (Group/1st-2nd round)
2002,Ecuador,33,0.0,0.0,0,0.0,0.140625,0,Early exit (Group/1st-2nd round)
2002,England,55,1.7272727272727273,0.0,4,0.45454545454545453,0.765625,0,Early exit (Group/1st-2nd round)
2002,France,33,4.484848484848484,6.0,7,0.8484848484848485,1.0,0,Early exit (Group/1st-2nd round)
2002,Germany,77,0.6753246753246753,0.0,5,0.15584415584415584,0.40625,3,Runner-up
2002,Ireland,44,1.0909090909090908,0.0,9,0.20454545454545456,0.5625,0,Early exit (Group/1st-2nd round)
2002,Italy,44,2.977272727272727,0.0,19,0.38636363636363635,0.9375,0,Early exit (Group/1st-2nd round)
2002,Japan,44,0.36363636363636365,0.0,3,0.18181818181818182,0.28125,0,Early exit (Group/1st-2nd round)
2002,Mexico,44,1.0,0.0,4,0.3409090909090909,0.53125,0,Early exit (Group/1st-2nd round)
2002,Nigeria,33,1.1818181818181819,0.0,6,0.2727272727272727,0.625,0,Early exit (Group/1st-2nd round)
2002,Paraguay,44,2.6363636363636362,3.5,11,0.6590909090909091,0.890625,0,Early exit (Group/1st-2nd round)
2002,Poland,33,0.0,0.0,0,0.0,0.140625,0,Early exit (Group/1st-2nd round)
2002,Portugal,33,0.5454545454545454,0.0,6,0.09090909090909091,0.34375,0,Early exit (Group/1st-2nd round)
2002,Russia,33,0.7878787878787878,0.0,3,0.3333333333333333,0.46875,0,Early exit (Group/1st-2nd round)
2002,Saudi Arabia,33,2.121212121212121,1.0,8,0.5454545454545454,0.84375,0,Early exit (Group/1st-2nd round)
2002,Senegal,55,0.0,0.0,0,0.0,0.140625,0,Early exit (Group/1st-2nd round)
2002,Slovenia,33,0.0,0.0,0,0.0,0.140625,0,Early exit (Group/1st-2nd round)
2002,South Africa,33,0.9090909090909091,0.0,3,0.30303030303030304,0.5,0,Early exit (Group/1st-2nd round)
2002,South Korea,77,1.6493506493506493,0.0,9,0.4025974025974026,0.6875,1,Semifinalist / 4th place
2002,Spain,55,1.6545454545454545,0.0,8,0.32727272727272727,0.71875,0,Early exit (Group/1st-2nd round)
2002,Sweden,44,0.45454545454545453,0.0,5,0.09090909090909091,0.3125,0,Early exit (Group/1st-2nd round)
2002,Tunisia,33,0.696969696969697,0.0,3,0.3939393939393939,0.4375,0,Early exit (Group/1st-2nd round)
2002,Turkey,77,0.0,0.0,0,0.0,0.140625,2,3rd place
2002,USA,55,1.1454545454545455,0.0,7,0.45454545454545453,0.59375,0,Early exit (Group/1st-2nd round)
2002,Uruguay,33,0.0,0.0,0,0.0,0.140625,0,Early exit (Group/1st-2nd round)
2006,Angola,33,0.0,0.0,0,0.0,0.15625,0,Early exit (Group/1st-2nd round)
2006,Argentina,55,0.9636363636363636,0.0,5,0.23636363636363636,0.4375,0,Early exit (Group/1st-2nd round)
2006,Australia,44,0.0,0.0,0,0.0,0.15625,0,Early exit (Group/1st-2nd round)
2006,Brazil,55,6.0,5.0,16,0.7636363636363637,1.0,0,Early exit (Group/1st-2nd round)
2006,Costa Rica,33,1.5454545454545454,3.0,3,0.5151515151515151,0.625,0,Early exit (Group/1st-2nd round)
2006,Croatia,33,2.1515151515151514,3.0,8,0.5757575757575758,0.71875,0,Early exit (Group/1st-2nd round)
2006,Czechia,33,0.0,0.0,0,0.0,0.15625,0,Early exit (Group/1st-2nd round)
2006,Côte d'Ivoire,33,0.0,0.0,0,0.0,0.15625,0,Early exit (Group/1st-2nd round)
2006,Ecuador,44,1.4545454545454546,2.0,3,0.5227272727272727,0.5625,0,Early exit (Group/1st-2nd round)
2006,England,55,2.4363636363636365,1.0,9,0.509090909090909,0.78125,0,Early exit (Group/1st-2nd round)
2006,France,77,3.6623376623376624,1.0,10,0.5714285714285714,0.9375,3,Runner-up
2006,Germany,77,2.896103896103896,0.0,7,0.44155844155844154,0.875,2,3rd place
2006,Ghana,44,0.0,0.0,0,0.0,0.15625,0,Early exit (Group/1st-2nd round)
2006,Iran,33,0.45454545454545453,0.0,3,0.15151515151515152,0.34375,0,Early exit (Group/1st-2nd round)
2006,Italy,77,2.207792207792208,0.0,8,0.4935064935064935,0.75,4,Champion
2006,Japan,33,1.7575757575757576,1.0,7,0.5454545454545454,0.6875,0,Early exit (Group/1st-2nd round)
2006,Mexico,44,1.0909090909090908,0.0,4,0.29545454545454547,0.46875,0,Early exit (Group/1st-2nd round)
2006,Netherlands,44,1.2727272727272727,0.0,7,0.18181818181818182,0.53125,0,Early exit (Group/1st-2nd round)
2006,Paraguay,33,3.515151515151515,4.0,8,0.6060606060606061,0.90625,0,Early exit (Group/1st-2nd round)
2006,Poland,33,0.8181818181818182,0.0,3,0.36363636363636365,0.40625,0,Early exit (Group/1st-2nd round)
2006,Portugal,77,0.4675324675324675,0.0,3,0.15584415584415584,0.375,1,Semifinalist / 4th place
2006,Saudi Arabia,33,1.4848484848484849,0.0,9,0.45454545454545453,0.59375,0,Early exit (Group/1st-2nd round)
2006,Serbia and Montenegro,33,0.3939393939393939,0.0,3,0.15151515151515152,0.3125,0,Early exit (Group/1st-2nd round)
2006,South Korea,33,3.757575757575758,5.0,8,0.6060606060606061,0.96875,0,Early exit (Group/1st-2nd round)
2006,Spain,44,1.25,0.0,7,0.3181818181818182,0.5,0,Early exit (Group/1st-2nd round)
2006,Sweden,44,2.6818181818181817,3.0,9,0.6136363636363636,0.8125,0,Early exit (Group/1st-2nd round)
2006,Switzerland,44,0.0,0.0,0,0.0,0.15625,0,Early exit (Group/1st-2nd round)
2006,Togo,33,0.0,0.0,0,0.0,0.15625,0,Early exit (Group/1st-2nd round)
2006,Trinidad and Tobago,33,0.0,0.0,0,0.0,0.15625,0,Early exit (Group/1st-2nd round)
2006,Tunisia,33,1.6363636363636365,0.0,5,0.45454545454545453,0.65625,0,Early exit (Group/1st-2nd round)
2006,USA,33,2.878787878787879,3.0,7,0.6060606060606061,0.84375,0,Early exit (Group/1st-2nd round)
2006,Ukraine,55,0.0,0.0,0,0.0,0.15625,0,Early exit (Group/1st-2nd round)
2010,Algeria,33,0.0,0.0,0,0.0,0.140625,0,Early exit (Group/1st-2nd round)
2010,Argentina,55,2.1454545454545455,3.0,8,0.509090909090909,0.71875,0,Early exit (Group/1st-2nd round)
2010,Australia,33,2.5757575757575757,3.0,4,0.7575757575757576,0.8125,0,Early exit (Group/1st-2nd round)
2010,Brazil,55,3.272727272727273,0.0,12,0.41818181818181815,0.9375,0,Early exit (Group/1st-2nd round)
2010,Cameroon,33,0.5454545454545454,0.0,4,0.15151515151515152,0.40625,0,Early exit (Group/1st-2nd round)
2010,Chile,44,0.0,0.0,0,0.0,0.140625,0,Early exit (Group/1st-2nd round)
2010,Côte d'Ivoire,33,1.5757575757575757,2.0,3,0.6666666666666666,0.59375,0,Early exit (Group/1st-2nd round)
2010,Denmark,33,2.090909090909091,0.0,8,0.45454545454545453,0.671875,0,Early exit (Group/1st-2nd round)
2010,England,44,3.090909090909091,4.0,10,0.5681818181818182,0.875,0,Early exit (Group/1st-2nd round)
2010,France,33,2.212121212121212,0.0,7,0.3939393939393939,0.75,0,Early exit (Group/1st-2nd round)
2010,Germany,77,3.74025974025974,1.0,14,0.5064935064935064,0.96875,2,3rd place
2010,Ghana,55,1.3454545454545455,0.0,4,0.36363636363636365,0.53125,0,Early exit (Group/1st-2nd round)
2010,Greece,33,0.0,0.0,0,0.0,0.140625,0,Early exit (Group/1st-2nd round)
2010,Honduras,33,0.0,0.0,0,0.0,0.140625,0,Early exit (Group/1st-2nd round)
2010,Italy,33,3.878787878787879,0.0,15,0.48484848484848486,1.0,0,Early exit (Group/1st-2nd round)
2010,Japan,44,0.36363636363636365,0.0,3,0.18181818181818182,0.328125,0,Early exit (Group/1st-2nd round)
2010,Mexico,44,2.977272727272727,3.0,8,0.6818181818181818,0.84375,0,Early exit (Group/1st-2nd round)
2010,Netherlands,77,2.4805194805194803,3.0,4,0.7532467532467533,0.78125,3,Runner-up
2010,New Zealand,33,0.0,0.0,0,0.0,0.140625,0,Early exit (Group/1st-2nd round)
2010,Nigeria,33,0.5151515151515151,0.0,5,0.21212121212121213,0.375,0,Early exit (Group/1st-2nd round)
2010,North Korea,33,0.0,0.0,0,0.0,0.140625,0,Early exit (Group/1st-2nd round)
2010,Paraguay,55,1.2727272727272727,0.0,11,0.43636363636363634,0.5,0,Early exit (Group/1st-2nd round)
2010,Portugal,44,2.090909090909091,0.0,7,0.4090909090909091,0.671875,0,Early exit (Group/1st-2nd round)
2010,Serbia,33,0.7272727272727273,0.0,6,0.18181818181818182,0.46875,0,Early exit (Group/1st-2nd round)
2010,Slovakia,44,0.0,0.0,0,0.0,0.140625,0,Early exit (Group/1st-2nd round)
2010,Slovenia,33,0.0,0.0,0,0.0,0.140625,0,Early exit (Group/1st-2nd round)
2010,South Africa,33,0.36363636363636365,0.0,3,0.12121212121212122,0.328125,0,Early exit (Group/1st-2nd round)
2010,South Korea,44,2.0,0.0,10,0.3409090909090909,0.625,0,Early exit (Group/1st-2nd round)
2010,Spain,77,3.1948051948051948,3.0,8,0.6753246753246753,0.90625,4,Champion
2010,Switzerland,33,0.5757575757575758,0.0,4,0.24242424242424243,0.4375,0,Early exit (Group/1st-2nd round)
2010,USA,44,1.5,0.0,8,0.4090909090909091,0.5625,0,Early exit (Group/1st-2nd round)
2010,Uruguay,77,0.09090909090909091,0.0,1,0.09090909090909091,0.28125,1,Semifinalist / 4th place
2014,Algeria,44,0.7045454545454546,0.0,3,0.29545454545454547,0.28125,0,Early exit (Group/1st-2nd round)
2014,Argentina,77,3.0779220779220777,3.0,10,0.5064935064935064,0.875,3,Runner-up
2014,Australia,33,0.8181818181818182,0.0,6,0.21212121212121213,0.3125,0,Early exit (Group/1st-2nd round)
2014,Belgium,55,0.36363636363636365,0.0,4,0.09090909090909091,0.140625,0,Early exit (Group/1st-2nd round)
2014,Bosnia-Herzegovina,33,0.0,0.0,0,0.0,0.046875,0,Early exit (Group/1st-2nd round)
2014,Brazil,77,1.4025974025974026,0.0,5,0.2857142857142857,0.46875,1,Semifinalist / 4th place
2014,Cameroon,33,1.6363636363636365,2.0,7,0.7272727272727273,0.578125,0,Early exit (Group/1st-2nd round)
2014,Chile,44,2.090909090909091,3.0,4,0.5454545454545454,0.671875,0,Early exit (Group/1st-2nd round)
2014,Colombia,55,0.0,0.0,0,0.0,0.046875,0,Early exit (Group/1st-2nd round)
2014,Costa Rica,55,0.36363636363636365,0.0,3,0.14545454545454545,0.140625,0,Early exit (Group/1st-2nd round)
2014,Croatia,33,1.4545454545454546,0.0,6,0.36363636363636365,0.5,0,Early exit (Group/1st-2nd round)
2014,Côte d'Ivoire,33,2.6666666666666665,3.0,6,0.6363636363636364,0.8125,0,Early exit (Group/1st-2nd round)
2014,Ecuador,33,0.6363636363636364,0.0,4,0.18181818181818182,0.25,0,Early exit (Group/1st-2nd round)
2014,England,33,1.6363636363636365,0.0,9,0.24242424242424243,0.578125,0,Early exit (Group/1st-2nd round)
2014,France,55,0.5454545454545454,0.0,3,0.2545454545454545,0.21875,0,Early exit (Group/1st-2nd round)
2014,Germany,77,6.584415584415584,6.0,19,0.7662337662337663,1.0,4,Champion
2014,Ghana,33,2.393939393939394,0.0,8,0.45454545454545453,0.75,0,Early exit (Group/1st-2nd round)
2014,Greece,44,1.1818181818181819,0.0,3,0.45454545454545453,0.40625,0,Early exit (Group/1st-2nd round)
2014,Honduras,33,1.121212121212121,0.0,3,0.48484848484848486,0.375,0,Early exit (Group/1st-2nd round)
2014,Iran,33,0.5151515151515151,0.0,3,0.24242424242424243,0.1875,0,Early exit (Group/1st-2nd round)
2014,Italy,33,2.4545454545454546,0.0,12,0.48484848484848486,0.78125,0,Early exit (Group/1st-2nd round)
2014,Japan,33,2.121212121212121,4.0,4,0.5757575757575758,0.71875,0,Early exit (Group/1st-2nd round)
2014,Mexico,44,2.727272727272727,1.0,12,0.5681818181818182,0.84375,0,Early exit (Group/1st-2nd round)
2014,Netherlands,77,3.4805194805194803,0.0,11,0.37662337662337664,0.90625,2,3rd place
2014,Nigeria,44,0.9090909090909091,0.0,6,0.22727272727272727,0.34375,0,Early exit (Group/1st-2nd round)
2014,Portugal,33,2.090909090909091,0.0,10,0.48484848484848486,0.671875,0,Early exit (Group/1st-2nd round)
2014,Russia,33,0.030303030303030304,0.0,1,0.030303030303030304,0.09375,0,Early exit (Group/1st-2nd round)
2014,South Korea,33,1.2727272727272727,0.0,5,0.30303030303030304,0.4375,0,Early exit (Group/1st-2nd round)
2014,Spain,33,5.393939393939394,7.0,15,0.6363636363636364,0.96875,0,Early exit (Group/1st-2nd round)
2014,Switzerland,44,1.5,1.5,3,0.5909090909090909,0.53125,0,Early exit (Group/1st-2nd round)
2014,USA,44,2.0,0.0,7,0.38636363636363635,0.625,0,Early exit (Group/1st-2nd round)
2014,Uruguay,44,3.772727272727273,5.0,8,0.7045454545454546,0.9375,0,Early exit (Group/1st-2nd round)
2018,Argentina,44,5.159090909090909,3.0,16,0.5681818181818182,0.96875,0,Early exit (Group/1st-2nd round)
2018,Australia,33,1.0,0.0,4,0.36363636363636365,0.5,0,Early exit (Group/1st-2nd round)
2018,Belgium,77,3.3636363636363638,4.0,5,0.7922077922077922,0.84375,2,3rd place
2018,Brazil,55,2.5272727272727273,0.0,6,0.45454545454545453,0.6875,0,Early exit (Group/1st-2nd round)
2018,Colombia,44,2.022727272727273,1.5,5,0.5,0.65625,0,Early exit (Group/1st-2nd round)
2018,Costa Rica,33,3.090909090909091,4.0,5,0.696969696969697,0.8125,0,Early exit (Group/1st-2nd round)
2018,Croatia,77,1.87012987012987,2.0,5,0.6493506493506493,0.625,3,Runner-up
2018,Denmark,44,0.36363636363636365,0.0,2,0.18181818181818182,0.34375,0,Early exit (Group/1st-2nd round)
2018,Egypt,33,0.0,0.0,0,0.0,0.171875,0,Early exit (Group/1st-2nd round)
2018,England,77,0.42857142857142855,0.0,3,0.18181818181818182,0.375,1,Semifinalist / 4th place
2018,France,77,2.5714285714285716,0.0,8,0.4675324675324675,0.71875,4,Champion
2018,Germany,33,5.696969696969697,1.0,14,0.5454545454545454,1.0,0,Early exit (Group/1st-2nd round)
2018,Iceland,33,0.0,0.0,0,0.0,0.171875,0,Early exit (Group/1st-2nd round)
2018,Iran,33,0.6363636363636364,0.0,4,0.24242424242424243,0.421875,0,Early exit (Group/1st-2nd round)
2018,Japan,44,2.590909090909091,2.0,7,0.5227272727272727,0.75,0,Early exit (Group/1st-2nd round)
2018,Mexico,44,3.409090909090909,4.0,16,0.6136363636363636,0.875,0,Early exit (Group/1st-2nd round)
2018,Morocco,33,0.0,0.0,0,0.0,0.171875,0,Early exit (Group/1st-2nd round)
2018,Nigeria,33,1.0303030303030303,0.0,4,0.30303030303030304,0.53125,0,Early exit (Group/1st-2nd round)
2018,Panama,33,0.0,0.0,0,0.0,0.171875,0,Early exit (Group/1st-2nd round)
2018,Peru,33,0.0,0.0,0,0.0,0.171875,0,Early exit (Group/1st-2nd round)
2018,Poland,33,0.0,0.0,0,0.0,0.171875,0,Early exit (Group/1st-2nd round)
2018,Portugal,44,1.5909090909090908,0.0,13,0.3181818181818182,0.59375,0,Early exit (Group/1st-2nd round)
2018,Russia,55,0.9272727272727272,0.0,3,0.34545454545454546,0.46875,0,Early exit (Group/1st-2nd round)
2018,Saudi Arabia,33,0.0,0.0,0,0.0,0.171875,0,Early exit (Group/1st-2nd round)
2018,Senegal,33,0.0,0.0,0,0.0,0.171875,0,Early exit (Group/1st-2nd round)
2018,Serbia,33,0.6363636363636364,0.0,3,0.24242424242424243,0.421875,0,Early exit (Group/1st-2nd round)
2018,South Korea,33,1.4848484848484849,0.0,7,0.42424242424242425,0.5625,0,Early exit (Group/1st-2nd round)
2018,Spain,44,4.454545454545454,3.0,13,0.6590909090909091,0.9375,0,Early exit (Group/1st-2nd round)
2018,Sweden,55,0.0,0.0,0,0.0,0.171875,0,Early exit (Group/1st-2nd round)
2018,Switzerland,44,3.0681818181818183,4.0,7,0.7045454545454546,0.78125,0,Early exit (Group/1st-2nd round)
2018,Tunisia,33,0.0,0.0,0,0.0,0.171875,0,Early exit (Group/1st-2nd round)
2018,Uruguay,55,4.2727272727272725,3.0,11,0.5818181818181818,0.90625,0,Early exit (Group/1st-2nd round)
2022,Argentina,77,3.2467532467532467,0.0,19,0.3246753246753247,0.71875,4,Champion
2022,Australia,44,1.9090909090909092,0.0,6,0.45454545454545453,0.5625,0,Early exit (Group/1st-2nd round)
2022,Belgium,33,6.787878787878788,10.0,12,0.8484848484848485,1.0,0,Early exit (Group/1st-2nd round)
2022,Brazil,55,2.4545454545454546,0.0,11,0.4727272727272727,0.6875,0,Early exit (Group/1st-2nd round)
2022,Cameroon,33,0.9393939393939394,0.0,6,0.18181818181818182,0.34375,0,Early exit (Group/1st-2nd round)
2022,Canada,33,0.0,0.0,0,0.0,0.078125,0,Early exit (Group/1st-2nd round)
2022,Costa Rica,33,3.606060606060606,2.0,8,0.696969696969697,0.84375,0,Early exit (Group/1st-2nd round)
2022,Croatia,77,4.688311688311688,7.0,12,0.5194805194805194,0.9375,2,3rd place
2022,Denmark,33,1.8181818181818181,0.0,6,0.42424242424242425,0.53125,0,Early exit (Group/1st-2nd round)
2022,Ecuador,33,0.3333333333333333,0.0,3,0.12121212121212122,0.15625,0,Early exit (Group/1st-2nd round)
2022,England,55,3.8545454545454545,6.0,9,0.6545454545454545,0.875,0,Early exit (Group/1st-2nd round)
2022,France,77,4.935064935064935,1.0,14,0.5064935064935064,0.96875,3,Runner-up
2022,Germany,33,3.515151515151515,1.0,16,0.6060606060606061,0.8125,0,Early exit (Group/1st-2nd round)
2022,Ghana,33,0.8181818181818182,0.0,7,0.15151515151515152,0.203125,0,Early exit (Group/1st-2nd round)
2022,Iran,33,2.4242424242424243,3.0,6,0.7575757575757576,0.65625,0,Early exit (Group/1st-2nd round)
2022,Japan,44,1.7272727272727273,0.0,11,0.20454545454545456,0.484375,0,Early exit (Group/1st-2nd round)
2022,Mexico,33,3.3636363636363638,4.0,12,0.5151515151515151,0.78125,0,Early exit (Group/1st-2nd round)
2022,Morocco,77,0.922077922077922,0.0,3,0.45454545454545453,0.3125,1,Semifinalist / 4th place
2022,Netherlands,55,0.8545454545454545,0.0,7,0.14545454545454545,0.25,0,Early exit (Group/1st-2nd round)
2022,Poland,44,1.4772727272727273,2.0,3,0.5681818181818182,0.4375,0,Early exit (Group/1st-2nd round)
2022,Portugal,55,2.109090909090909,0.0,17,0.36363636363636365,0.625,0,Early exit (Group/1st-2nd round)
2022,Qatar,33,0.0,0.0,0,0.0,0.078125,0,Early exit (Group/1st-2nd round)
2022,Saudi Arabia,33,0.8181818181818182,0.0,3,0.45454545454545453,0.203125,0,Early exit (Group/1st-2nd round)
2022,Senegal,44,1.0909090909090908,0.0,3,0.36363636363636365,0.375,0,Early exit (Group/1st-2nd round)
2022,Serbia,33,1.4545454545454546,1.0,3,0.6060606060606061,0.40625,0,Early exit (Group/1st-2nd round)
2022,South Korea,44,1.7272727272727273,0.0,6,0.45454545454545453,0.484375,0,Early exit (Group/1st-2nd round)
2022,Spain,44,2.022727272727273,0.0,13,0.29545454545454547,0.59375,0,Early exit (Group/1st-2nd round)
2022,Switzerland,44,3.2954545454545454,4.0,9,0.5454545454545454,0.75,0,Early exit (Group/1st-2nd round)
2022,Tunisia,33,0.9090909090909091,0.0,3,0.3333333333333333,0.28125,0,Early exit (Group/1st-2nd round)
2022,USA,44,0.0,0.0,0,0.0,0.078125,0,Early exit (Group/1st-2nd round)
2022,Uruguay,33,4.090909090909091,2.0,14,0.5757575757575758,0.90625,0,Early exit (Group/1st-2nd round)
2022,Wales,33,0.0,0.0,0,0.0,0.078125,0,Early exit (Group/1st-2nd round)
2026,Algeria,44,0.5454545454545454,0.0,3,0.22727272727272727,0.3958333333333333,0,Early exit (Group/1st-2nd round)
2026,Argentina,88,6.715909090909091,6.0,26,0.8068181818181818,1.0,3,Runner-up
2026,Australia,44,1.2272727272727273,0.0,10,0.20454545454545456,0.4791666666666667,0,Early exit (Group/1st-2nd round)
2026,Austria,44,0.0,0.0,0,0.0,0.14583333333333334,0,Early exit (Group/1st-2nd round)
2026,Belgium,66,4.0,1.0,15,0.6212121212121212,0.8958333333333334,0,Early exit (Group/1st-2nd round)
2026,Bosnia and Herzegovina,44,0.38636363636363635,0.0,3,0.1590909090909091,0.375,0,Early exit (Group/1st-2nd round)
2026,Brazil,55,2.8,2.0,9,0.5636363636363636,0.7916666666666666,0,Early exit (Group/1st-2nd round)
2026,Cabo Verde,44,0.9090909090909091,0.0,10,0.09090909090909091,0.4375,0,Early exit (Group/1st-2nd round)
2026,Canada,55,1.490909090909091,2.0,3,0.5454545454545454,0.5416666666666666,0,Early exit (Group/1st-2nd round)
2026,Colombia,55,1.8727272727272728,0.0,8,0.36363636363636365,0.6458333333333334,0,Early exit (Group/1st-2nd round)
2026,Congo DR,44,0.0,0.0,0,0.0,0.14583333333333334,0,Early exit (Group/1st-2nd round)
2026,Croatia,44,5.954545454545454,1.5,19,0.6818181818181818,0.9791666666666666,0,Early exit (Group/1st-2nd round)
2026,Curaçao,33,0.0,0.0,0,0.0,0.14583333333333334,0,Early exit (Group/1st-2nd round)
2026,Czech Republic,33,0.0,0.0,0,0.0,0.14583333333333334,0,Early exit (Group/1st-2nd round)
2026,Côte d'Ivoire,44,0.0,0.0,0,0.0,0.14583333333333334,0,Early exit (Group/1st-2nd round)
2026,Ecuador,44,2.25,3.0,6,0.6590909090909091,0.7083333333333334,0,Early exit (Group/1st-2nd round)
2026,Egypt,55,0.23636363636363636,0.0,3,0.10909090909090909,0.3125,0,Early exit (Group/1st-2nd round)
2026,England,88,3.5454545454545454,0.0,12,0.42045454545454547,0.875,2,3rd place
2026,France,88,4.340909090909091,4.0,14,0.6704545454545454,0.9375,1,Semifinalist / 4th place
2026,Germany,44,3.1818181818181817,2.0,19,0.5454545454545454,0.8333333333333334,0,Early exit (Group/1st-2nd round)
2026,Ghana,44,1.3863636363636365,0.0,6,0.4772727272727273,0.5208333333333334,0,Early exit (Group/1st-2nd round)
2026,Haiti,33,0.0,0.0,0,0.0,0.14583333333333334,0,Early exit (Group/1st-2nd round)
2026,Iran,33,2.8484848484848486,4.0,9,0.5454545454545454,0.8125,0,Early exit (Group/1st-2nd round)
2026,Iraq,33,0.0,0.0,0,0.0,0.14583333333333334,0,Early exit (Group/1st-2nd round)
2026,Japan,44,1.8409090909090908,1.5,4,0.6818181818181818,0.6041666666666666,0,Early exit (Group/1st-2nd round)
2026,Jordan,33,0.0,0.0,0,0.0,0.14583333333333334,0,Early exit (Group/1st-2nd round)
2026,Mexico,55,1.6181818181818182,0.0,7,0.41818181818181815,0.5625,0,Early exit (Group/1st-2nd round)
2026,Morocco,66,2.606060606060606,0.0,10,0.45454545454545453,0.75,0,Early exit (Group/1st-2nd round)
2026,Netherlands,44,2.0454545454545454,0.0,5,0.4090909090909091,0.6666666666666666,0,Early exit (Group/1st-2nd round)
2026,New Zealand,33,0.2727272727272727,0.0,3,0.09090909090909091,0.3333333333333333,0,Early exit (Group/1st-2nd round)
2026,Norway,66,0.22727272727272727,0.0,3,0.07575757575757576,0.2916666666666667,0,Early exit (Group/1st-2nd round)
2026,Panama,33,0.8181818181818182,0.0,3,0.30303030303030304,0.4166666666666667,0,Early exit (Group/1st-2nd round)
2026,Paraguay,55,0.0,0.0,0,0.0,0.14583333333333334,0,Early exit (Group/1st-2nd round)
2026,Portugal,55,4.127272727272727,3.0,22,0.7090909090909091,0.9166666666666666,0,Early exit (Group/1st-2nd round)
2026,Qatar,33,1.0303030303030303,0.0,3,0.36363636363636365,0.4583333333333333,0,Early exit (Group/1st-2nd round)
2026,Saudi Arabia,33,1.303030303030303,0.0,4,0.48484848484848486,0.5,0,Early exit (Group/1st-2nd round)
2026,Scotland,33,0.0,0.0,0,0.0,0.14583333333333334,0,Early exit (Group/1st-2nd round)
2026,Senegal,44,2.7954545454545454,3.0,7,0.6590909090909091,0.7708333333333334,0,Early exit (Group/1st-2nd round)
2026,South Africa,44,0.0,0.0,0,0.0,0.14583333333333334,0,Early exit (Group/1st-2nd round)
2026,South Korea,33,2.393939393939394,1.0,10,0.5757575757575758,0.7291666666666666,0,Early exit (Group/1st-2nd round)
2026,Spain,88,1.8522727272727273,2.0,4,0.5227272727272727,0.625,4,Champion
2026,Sweden,44,0.36363636363636365,0.0,4,0.09090909090909091,0.3541666666666667,0,Early exit (Group/1st-2nd round)
2026,Switzerland,66,5.0,4.0,12,0.8787878787878788,0.9583333333333334,0,Early exit (Group/1st-2nd round)
2026,Tunisia,33,1.6666666666666667,1.0,6,0.5454545454545454,0.5833333333333334,0,Early exit (Group/1st-2nd round)
2026,Turkey,33,0.0,0.0,0,0.0,0.14583333333333334,0,Early exit (Group/1st-2nd round)
2026,USA,55,2.2181818181818183,3.0,4,0.5818181818181818,0.6875,0,Early exit (Group/1st-2nd round)
2026,Uruguay,33,3.484848484848485,3.0,16,0.6060606060606061,0.8541666666666666,0,Early exit (Group/1st-2nd round)
2026,Uzbekistan,33,0.0,0.0,0,0.0,0.14583333333333334,0,Early exit (Group/1st-2nd round)
